id,judul,link,harga,lokasi,image_url,image_path,kamar_tidur,kamar_mandi,parkir,luas_bangunan,luas_tanah,waktu_update
0,Rumah Siap Huni Gaya Jepang 300 Jutaan di Jogja Barat Full Furnished Dan Estetik,https://www.rumah123.com/properti/yogyakarta/hos18568574/,378.0,"Rumah123 adalah platform properti terbesar dan tepercaya di Indonesia. Kami berkomitmen untuk menjaga kepercayaan para pencari properti dengan hanya menayangkan iklan yang kredibel dan terpercaya. Oleh karena itu, setiap Project perlu melalui proses verifikasi. Ajak Developer untuk memverifikasi Project ini bersama tim Rumah123",https://picture.rumah123.com/r123-images/720x420-crop/customer/1968845/8b97d478c1825069f90f2a29aa7e3613.jpg,property_images\property_0.jpg,2.0,1.0,1.0,,,2024-11-07 13:24:13.294233
1,"10 Menit Saja !! Ke Kampus Sanata Dharma, Tanahnya Luas Lho 204m, Carpot Bisa 4 Mobil",https://www.rumah123.com/properti/yogyakarta/hos18498251/,900.0,"Rumah123 adalah platform properti terbesar dan tepercaya di Indonesia. Kami berkomitmen untuk menjaga kepercayaan para pencari properti dengan hanya menayangkan iklan yang kredibel dan terpercaya. Oleh karena itu, setiap Project perlu melalui proses verifikasi. Ajak Developer untuk memverifikasi Project ini bersama tim Rumah123",https://picture.rumah123.com/r123-images/720x420-crop/customer/736001/aa178bc1de7be1ef384f3bfcdee9f606.jpg,property_images\property_1.jpg,4.0,2.0,4.0,,,2024-11-02 13:24:14.292679
2,Villa Yogya Rumah Mewah Dijual Murah Full Furnish,https://www.rumah123.com/properti/yogyakarta/hos18142198/,7000.0,"Rumah123 adalah platform properti terbesar dan tepercaya di Indonesia. Kami berkomitmen untuk menjaga kepercayaan para pencari properti dengan hanya menayangkan iklan yang kredibel dan terpercaya. Oleh karena itu, setiap Project perlu melalui proses verifikasi. Ajak Developer untuk memverifikasi Project ini bersama tim Rumah123",https://picture.rumah123.com/r123-images/720x420-crop/customer/1906843/89901307ad96ca7b908fde15fc50068f.jpg,property_images\property_2.jpg,5.0,5.0,2.0,,,
3,Grand Launching Minimalis Kekinian di Sleman Utara Dekat Uii,https://www.rumah123.com/properti/yogyakarta/hos18577021/,768.0,"Rumah123 adalah platform properti terbesar dan tepercaya di Indonesia. Kami berkomitmen untuk menjaga kepercayaan para pencari properti dengan hanya menayangkan iklan yang kredibel dan terpercaya. Oleh karena itu, setiap Project perlu melalui proses verifikasi. Ajak Developer untuk memverifikasi Project ini bersama tim Rumah123",https://picture.rumah123.com/r123-images/720x420-crop/customer/1776788/b730355e5e77cba3bab42fae3f3656e3.jpg,property_images\property_3.jpg,2.0,2.0,1.0,,,2024-11-06 13:24:18.270508
4,5 Menitan Saja !! Ke Kampus Sanata Dharma..rumah Murah Tanahnya Luas,https://www.rumah123.com/properti/yogyakarta/hos18144187/,870.0,"Rumah123 adalah platform properti terbesar dan tepercaya di Indonesia. Kami berkomitmen untuk menjaga kepercayaan para pencari properti dengan hanya menayangkan iklan yang kredibel dan terpercaya. Oleh karena itu, setiap Project perlu melalui proses verifikasi. Ajak Developer untuk memverifikasi Project ini bersama tim Rumah123",https://picture.rumah123.com/r123-images/720x420-crop/customer/736001/3b516f2e89769c018e0585be248ae307.jpg,property_images\property_4.jpg,3.0,2.0,1.0,,,2024-11-02 13:24:19.082516
5,Rumah Murah Dengan Pool Bisa Custom Shm 2 Lantai Dekat Fasum2,https://www.rumah123.com/properti/yogyakarta/hos18159569/,1000.0,"Rumah123 adalah platform properti terbesar dan tepercaya di Indonesia. Kami berkomitmen untuk menjaga kepercayaan para pencari properti dengan hanya menayangkan iklan yang kredibel dan terpercaya. Oleh karena itu, setiap Project perlu melalui proses verifikasi. Ajak Developer untuk memverifikasi Project ini bersama tim Rumah123",https://picture.rumah123.com/r123-images/720x420-crop/customer/2032782/96a04ed646996b3af2914fb59913a6f9.jpg,property_images\property_5.jpg,4.0,3.0,2.0,,,
6,Cantik Modern Minimalis Dalam Perumahan dekat SMA Budi Mulia 2,https://www.rumah123.com/properti/yogyakarta/hos17742496/,934.0,"Rumah123 adalah platform properti terbesar dan tepercaya di Indonesia. Kami berkomitmen untuk menjaga kepercayaan para pencari properti dengan hanya menayangkan iklan yang kredibel dan terpercaya. Oleh karena itu, setiap Project perlu melalui proses verifikasi. Ajak Developer untuk memverifikasi Project ini bersama tim Rumah123",https://picture.rumah123.com/r123-images/720x420-crop/customer/1755808/2024-08-01-04-12-14-975285c9-92fa-44a7-a4e4-b251420750b0.jpg,property_images\property_6.jpg,3.0,1.0,1.0,,,
7,"Joglo Mewah Harga Murah, 600 Jutaan, Shm. di Sleman Yogyakarta",https://www.rumah123.com/properti/yogyakarta/hos18592463/,680.0,"Rumah123 adalah platform properti terbesar dan tepercaya di Indonesia. Kami berkomitmen untuk menjaga kepercayaan para pencari properti dengan hanya menayangkan iklan yang kredibel dan terpercaya. Oleh karena itu, setiap Project perlu melalui proses verifikasi. Ajak Developer untuk memverifikasi Project ini bersama tim Rumah123",https://picture.rumah123.com/r123-images/720x420-crop/customer/2048397/65a55d7f80fda9d9da4fc8c0566b703f.jpg,property_images\property_7.jpg,2.0,1.0,1.0,,,2024-11-07 13:24:20.800286
8,"Khusus Sale 11.11 Rumah Premium Joglo Shm, 360 Juta di Sleman Timur",https://www.rumah123.com/properti/yogyakarta/hos18591788/,360.0,"Rumah123 adalah platform properti terbesar dan tepercaya di Indonesia. Kami berkomitmen untuk menjaga kepercayaan para pencari properti dengan hanya menayangkan iklan yang kredibel dan terpercaya. Oleh karena itu, setiap Project perlu melalui proses verifikasi. Ajak Developer untuk memverifikasi Project ini bersama tim Rumah123",https://picture.rumah123.com/r123-images/720x420-crop/customer/2048397/65f13294fc1f8da9ca1074e9a8deb56d.jpg,property_images\property_8.jpg,2.0,1.0,1.0,,,2024-11-07 13:24:21.698411
9,"Cantik Modern, Tipe Industrial 200 An Juta, SHM Bisa Cash Maupun Kpr",https://www.rumah123.com/properti/yogyakarta/hos18430613/,275.0,"Rumah123 adalah platform properti terbesar dan tepercaya di Indonesia. Kami berkomitmen untuk menjaga kepercayaan para pencari properti dengan hanya menayangkan iklan yang kredibel dan terpercaya. Oleh karena itu, setiap Project perlu melalui proses verifikasi. Ajak Developer untuk memverifikasi Project ini bersama tim Rumah123",https://picture.rumah123.com/r123-images/720x420-crop/customer/2048397/034f6d3c627f73ccc5f6567f728f937d.jpg,property_images\property_9.jpg,2.0,1.0,1.0,,,
10,"Dijual Rumah Cantik Model Etnik Cuma 275 Juta, Dekat Sleman Yogya.",https://www.rumah123.com/properti/yogyakarta/hos18241603/,275.0,"Rumah123 adalah platform properti terbesar dan tepercaya di Indonesia. Kami berkomitmen untuk menjaga kepercayaan para pencari properti dengan hanya menayangkan iklan yang kredibel dan terpercaya. Oleh karena itu, setiap Project perlu melalui proses verifikasi. Ajak Developer untuk memverifikasi Project ini bersama tim Rumah123",https://picture.rumah123.com/r123-images/720x420-crop/customer/1347322/7e4aadec9332e73c29f658236ac9ab8d.png,property_images\property_10.jpg,2.0,1.0,1.0,,,
11,Rumah Tanah Luas Area Maguwo 170 MÂ² Siap Huni,https://www.rumah123.com/properti/yogyakarta/hos18151009/,1000.0,"Rumah123 adalah platform properti terbesar dan tepercaya di Indonesia. Kami berkomitmen untuk menjaga kepercayaan para pencari properti dengan hanya menayangkan iklan yang kredibel dan terpercaya. Oleh karena itu, setiap Project perlu melalui proses verifikasi. Ajak Developer untuk memverifikasi Project ini bersama tim Rumah123",https://picture.rumah123.com/r123-images/720x420-crop/customer/1098849/c78f8e906d15bfd903f505d22cc362f1.jpg,property_images\property_11.jpg,4.0,2.0,2.0,,,
12,"Spesial Promo 10.10 Rumah Joglo Shm, Cuma 400 An Jt Di Jogja",https://www.rumah123.com/properti/yogyakarta/hos18268696/,450.0,"Rumah123 adalah platform properti terbesar dan tepercaya di Indonesia. Kami berkomitmen untuk menjaga kepercayaan para pencari properti dengan hanya menayangkan iklan yang kredibel dan terpercaya. Oleh karena itu, setiap Project perlu melalui proses verifikasi. Ajak Developer untuk memverifikasi Project ini bersama tim Rumah123",https://picture.rumah123.com/r123-images/720x420-crop/customer/2048397/65a55d7f80fda9d9da4fc8c0566b703f.jpg,property_images\property_12.jpg,2.0,1.0,1.0,,,
13,"275 Jt Hunian Joglo Shm, Eksklusif Flash Sale 11.11 Dekat Jogja",https://www.rumah123.com/properti/yogyakarta/hos18586670/,275.0,"Rumah123 adalah platform properti terbesar dan tepercaya di Indonesia. Kami berkomitmen untuk menjaga kepercayaan para pencari properti dengan hanya menayangkan iklan yang kredibel dan terpercaya. Oleh karena itu, setiap Project perlu melalui proses verifikasi. Ajak Developer untuk memverifikasi Project ini bersama tim Rumah123",https://picture.rumah123.com/r123-images/720x420-crop/customer/2048397/4d2934f8c9fe3850e2cc48c13774508b.jpg,property_images\property_13.jpg,2.0,1.0,1.0,,,2024-11-07 13:24:36.558465
14,"Road To Big Sale 11.11 Rumah Joglo 400 Jt An, SHM Di Jogja",https://www.rumah123.com/properti/yogyakarta/hos18584871/,450.0,"Rumah123 adalah platform properti terbesar dan tepercaya di Indonesia. Kami berkomitmen untuk menjaga kepercayaan para pencari properti dengan hanya menayangkan iklan yang kredibel dan terpercaya. Oleh karena itu, setiap Project perlu melalui proses verifikasi. Ajak Developer untuk memverifikasi Project ini bersama tim Rumah123",https://picture.rumah123.com/r123-images/720x420-crop/customer/1347322/8536b962f476f799febb09b8cd61eb6e.jpg,property_images\property_14.jpg,2.0,1.0,1.0,,,2024-11-06 13:24:40.790682
15,"Turun Harga Rumah 2 Lantai Citragrand Mutiara Gamping Sleman, Furnish Siap Huni",https://www.rumah123.com/properti/yogyakarta/hos14049959/,2000.0,"Rumah123 adalah platform properti terbesar dan tepercaya di Indonesia. Kami berkomitmen untuk menjaga kepercayaan para pencari properti dengan hanya menayangkan iklan yang kredibel dan terpercaya. Oleh karena itu, setiap Project perlu melalui proses verifikasi. Ajak Developer untuk memverifikasi Project ini bersama tim Rumah123",https://picture.rumah123.com/r123-images/720x420-crop/customer/61265/2023-06-20-13-47-16-84524184-27f8-4606-914e-52a1a44524ea.jpg,property_images\property_15.jpg,3.0,2.0,1.0,,,2024-11-06 13:24:43.762661
16,"Rumah Baru Konstruksi Beton Bertulang Lokasi Ramai Banyak Kost Area Kledokan Sleman, Lt 60 Lb 60, Furnished Kitchen Set, Shm, Bisa Cicil Tahap.",https://www.rumah123.com/properti/yogyakarta/hos18509896/,780.0,"Rumah123 adalah platform properti terbesar dan tepercaya di Indonesia. Kami berkomitmen untuk menjaga kepercayaan para pencari properti dengan hanya menayangkan iklan yang kredibel dan terpercaya. Oleh karena itu, setiap Project perlu melalui proses verifikasi. Ajak Developer untuk memverifikasi Project ini bersama tim Rumah123",https://picture.rumah123.com/r123-images/720x420-crop/customer/926541/4e7b8035f5d2f56a9e1ac67e8ac7e3ad.jpg,property_images\property_16.jpg,3.0,2.0,1.0,,,
17,Rumah Cluster Exclusive Jogja Dekat Bale Mulia,https://www.rumah123.com/properti/yogyakarta/hos18072876/,2000.0,"Rumah123 adalah platform properti terbesar dan tepercaya di Indonesia. Kami berkomitmen untuk menjaga kepercayaan para pencari properti dengan hanya menayangkan iklan yang kredibel dan terpercaya. Oleh karena itu, setiap Project perlu melalui proses verifikasi. Ajak Developer untuk memverifikasi Project ini bersama tim Rumah123",https://picture.rumah123.com/r123-images/720x420-crop/customer/71926/5f18e60fca2f0784b179ddff777ac4dc.jpg,property_images\property_17.jpg,4.0,2.0,1.0,,,
18,Rumah  Jogja Murah Siap Huni di Pakuningratan,https://www.rumah123.com/properti/yogyakarta/hos16065766/,4000.0,"Rumah123 adalah platform properti terbesar dan tepercaya di Indonesia. Kami berkomitmen untuk menjaga kepercayaan para pencari properti dengan hanya menayangkan iklan yang kredibel dan terpercaya. Oleh karena itu, setiap Project perlu melalui proses verifikasi. Ajak Developer untuk memverifikasi Project ini bersama tim Rumah123",https://picture.rumah123.com/r123-images/720x420-crop/customer/71926/2024-01-16-08-46-20-4e6b99fa-2981-4d09-b162-04eebfd484fd.jpg,property_images\property_18.jpg,4.0,4.0,1.0,,,
19,Rumah Kantor 2Lantai Strategis Samping Jalan di Sleman Yogyakarta,https://www.rumah123.com/properti/yogyakarta/hos18401265/,3000.0,"Rumah123 adalah platform properti terbesar dan tepercaya di Indonesia. Kami berkomitmen untuk menjaga kepercayaan para pencari properti dengan hanya menayangkan iklan yang kredibel dan terpercaya. Oleh karena itu, setiap Project perlu melalui proses verifikasi. Ajak Developer untuk memverifikasi Project ini bersama tim Rumah123",https://picture.rumah123.com/r123-images/720x420-crop/customer/990278/b7ab16295d962fa37c88ca17380cd131.jpg,property_images\property_19.jpg,5.0,2.0,3.0,,,
20,TURUN HARGA! ISTIMEWA BANGET! RUMAH LUX MEWAH 2 LANTAI SEMI FURNISHED DI DALAM PERUMAHAN ELITE CASA GRANDE MAGUWOHARJO DEPOK SLEMAN,https://www.rumah123.com/properti/yogyakarta/hos11844408/,4000.0,"Rumah123 adalah platform properti terbesar dan tepercaya di Indonesia. Kami berkomitmen untuk menjaga kepercayaan para pencari properti dengan hanya menayangkan iklan yang kredibel dan terpercaya. Oleh karena itu, setiap Project perlu melalui proses verifikasi. Ajak Developer untuk memverifikasi Project ini bersama tim Rumah123",https://picture.rumah123.com/r123-images/720x420-crop/customer/65490/2023-11-21-18-41-03-6d3bbec1-9a5f-4c24-95d4-2d4a5c5ceb40.jpg,property_images\property_20.jpg,4.0,4.0,2.0,,,
21,"Rumah American Classic Termurah di Kalasan,sleman",https://www.rumah123.com/properti/yogyakarta/hos18273616/,480.0,"Rumah123 adalah platform properti terbesar dan tepercaya di Indonesia. Kami berkomitmen untuk menjaga kepercayaan para pencari properti dengan hanya menayangkan iklan yang kredibel dan terpercaya. Oleh karena itu, setiap Project perlu melalui proses verifikasi. Ajak Developer untuk memverifikasi Project ini bersama tim Rumah123",https://picture.rumah123.com/r123-images/720x420-crop/customer/2035688/86c358bae698d10bc14ee81eb973bb10.png,property_images\property_21.jpg,2.0,1.0,1.0,,,2024-11-04 13:24:52.019494
22,Rumah Ada Kiosnya 3 Pintu Lokasi Strategis Dalam Ringroad Barat Dekat Kampus Kampus Ternama di Jogja Cocok Untuk Kos2 San Atau Hunian Karena Dekat Dgn Fasum Dan Kepusat Kota Yogjakarta. Banyak Kuliner Hits Lokasi di Yogjakarta Bag.barat Yg Sedang B,https://www.rumah123.com/properti/yogyakarta/hos17092766/,950.0,"Rumah123 adalah platform properti terbesar dan tepercaya di Indonesia. Kami berkomitmen untuk menjaga kepercayaan para pencari properti dengan hanya menayangkan iklan yang kredibel dan terpercaya. Oleh karena itu, setiap Project perlu melalui proses verifikasi. Ajak Developer untuk memverifikasi Project ini bersama tim Rumah123",https://picture.rumah123.com/r123-images/720x420-crop/customer/2007666/2024-05-13-10-36-13-a36fb51d-18a1-4561-b64b-ee098bbc6e0a.jpg,property_images\property_22.jpg,,,,,,
23,Banting Harga! Rumah Mewah Super Istimewa Hook 2 Lantai Strategis Di Maguwoharjo Depok Sleman Dekat Kampus Unriyo Dan Tajem,https://www.rumah123.com/properti/yogyakarta/hos17341915/,1000.0,"Rumah123 adalah platform properti terbesar dan tepercaya di Indonesia. Kami berkomitmen untuk menjaga kepercayaan para pencari properti dengan hanya menayangkan iklan yang kredibel dan terpercaya. Oleh karena itu, setiap Project perlu melalui proses verifikasi. Ajak Developer untuk memverifikasi Project ini bersama tim Rumah123",https://picture.rumah123.com/r123-images/720x420-crop/customer/65490/2024-06-12-13-25-23-9e1de10a-73a6-4c2a-b7f8-c881d19eb6d3.jpg,property_images\property_23.jpg,4.0,4.0,2.0,,,
24,Rumah 2 Lantai di Jambon Dalam Kota Strategis,https://www.rumah123.com/properti/yogyakarta/hos18433625/,1000.0,"Rumah123 adalah platform properti terbesar dan tepercaya di Indonesia. Kami berkomitmen untuk menjaga kepercayaan para pencari properti dengan hanya menayangkan iklan yang kredibel dan terpercaya. Oleh karena itu, setiap Project perlu melalui proses verifikasi. Ajak Developer untuk memverifikasi Project ini bersama tim Rumah123",https://picture.rumah123.com/r123-images/720x420-crop/customer/2105114/3275f098c048e60349a7686a643152ec.jpg,property_images\property_24.jpg,5.0,2.0,1.0,,,
25,"Bu, Rumah Nyaman di Kotamadya, Masuk Mobil Akses Mudah",https://www.rumah123.com/properti/yogyakarta/hos17156435/,875.0,"Rumah123 adalah platform properti terbesar dan tepercaya di Indonesia. Kami berkomitmen untuk menjaga kepercayaan para pencari properti dengan hanya menayangkan iklan yang kredibel dan terpercaya. Oleh karena itu, setiap Project perlu melalui proses verifikasi. Ajak Developer untuk memverifikasi Project ini bersama tim Rumah123",,,4.0,2.0,1.0,,,2024-11-03 13:24:55.055379
26,Rumah Cantik Dalam Cluster Di Maguwo,https://www.rumah123.com/properti/yogyakarta/hos18502282/,775.0,"Rumah123 adalah platform properti terbesar dan tepercaya di Indonesia. Kami berkomitmen untuk menjaga kepercayaan para pencari properti dengan hanya menayangkan iklan yang kredibel dan terpercaya. Oleh karena itu, setiap Project perlu melalui proses verifikasi. Ajak Developer untuk memverifikasi Project ini bersama tim Rumah123",https://picture.rumah123.com/r123-images/720x420-crop/customer/1049804/19e00ca0565035274391059404a8257a.jpg,property_images\property_26.jpg,3.0,2.0,1.0,,,
27,RUMAH AREA GONDOKUSUMAN YOGYAKARTA  Rumah dijual. Kota Baru. Yogyakarta. Classic Design,https://www.rumah123.com/properti/yogyakarta/hos17750079/,13000.0,"Rumah123 adalah platform properti terbesar dan tepercaya di Indonesia. Kami berkomitmen untuk menjaga kepercayaan para pencari properti dengan hanya menayangkan iklan yang kredibel dan terpercaya. Oleh karena itu, setiap Project perlu melalui proses verifikasi. Ajak Developer untuk memverifikasi Project ini bersama tim Rumah123",https://picture.rumah123.com/r123-images/720x420-crop/customer/1927214/2024-08-02-02-07-48-054cf6c9-b400-4bc1-989c-413be2a72ee2.jpg,property_images\property_27.jpg,3.0,3.0,4.0,,,
28,Homestay Dalam Kota Jogja Njeron Benteng,https://www.rumah123.com/properti/yogyakarta/hos18490992/,4000.0,"Rumah123 adalah platform properti terbesar dan tepercaya di Indonesia. Kami berkomitmen untuk menjaga kepercayaan para pencari properti dengan hanya menayangkan iklan yang kredibel dan terpercaya. Oleh karena itu, setiap Project perlu melalui proses verifikasi. Ajak Developer untuk memverifikasi Project ini bersama tim Rumah123",https://picture.rumah123.com/r123-images/720x420-crop/customer/1098849/b7f69bef0d003de0412e7626b7b1e71f.jpg,property_images\property_28.jpg,3.0,3.0,2.0,,,
29,Rumah Baru 1 Lantai di Bangunjiwo Dekat Kampus Umy,https://www.rumah123.com/properti/yogyakarta/hos17970392/,580.0,"Rumah123 adalah platform properti terbesar dan tepercaya di Indonesia. Kami berkomitmen untuk menjaga kepercayaan para pencari properti dengan hanya menayangkan iklan yang kredibel dan terpercaya. Oleh karena itu, setiap Project perlu melalui proses verifikasi. Ajak Developer untuk memverifikasi Project ini bersama tim Rumah123",https://picture.rumah123.com/r123-images/720x420-crop/customer/2049639/56e13530dafbe2d54178fb87045853e2.jpg,property_images\property_29.jpg,2.0,1.0,,,,
30,Di Jual Harga Rendah Rumah Siap Huni Dengan Halaman Luas,https://www.rumah123.com/properti/yogyakarta/hos18481219/,2000.0,"Rumah123 adalah platform properti terbesar dan tepercaya di Indonesia. Kami berkomitmen untuk menjaga kepercayaan para pencari properti dengan hanya menayangkan iklan yang kredibel dan terpercaya. Oleh karena itu, setiap Project perlu melalui proses verifikasi. Ajak Developer untuk memverifikasi Project ini bersama tim Rumah123",https://picture.rumah123.com/r123-images/720x420-crop/customer/2074561/b1459646b1ae27d2876aa90af643e66e.png,property_images\property_30.jpg,4.0,2.0,4.0,,,
31,"Dijual Tanah 110m2, Di Tukangan Yogjakarta, Strategis, 900m Ke Malioboro Mall",https://www.rumah123.com/properti/yogyakarta/hos18426948/,400.0,"Rumah123 adalah platform properti terbesar dan tepercaya di Indonesia. Kami berkomitmen untuk menjaga kepercayaan para pencari properti dengan hanya menayangkan iklan yang kredibel dan terpercaya. Oleh karena itu, setiap Project perlu melalui proses verifikasi. Ajak Developer untuk memverifikasi Project ini bersama tim Rumah123",https://picture.rumah123.com/r123-images/720x420-crop/customer/2050474/7c1e41587eb04609029c6b2ff3705bf9.jpg,property_images\property_31.jpg,,,,,,
32,Kost Eksklusif 11 Kt Pogung Dekat Kampus Ugm Jogja,https://www.rumah123.com/properti/yogyakarta/hos17991706/,3000.0,"Rumah123 adalah platform properti terbesar dan tepercaya di Indonesia. Kami berkomitmen untuk menjaga kepercayaan para pencari properti dengan hanya menayangkan iklan yang kredibel dan terpercaya. Oleh karena itu, setiap Project perlu melalui proses verifikasi. Ajak Developer untuk memverifikasi Project ini bersama tim Rumah123",https://picture.rumah123.com/r123-images/720x420-crop/customer/577930/a6909c3de3680b1a58a61b04ed4240f6.jpg,property_images\property_32.jpg,10.0,10.0,,,,
33,"Pusat Kota Jogya, Hanya 650 Meter Ke Jalan Malioboro, Shm",https://www.rumah123.com/properti/yogyakarta/hos18343361/,400.0,"Rumah123 adalah platform properti terbesar dan tepercaya di Indonesia. Kami berkomitmen untuk menjaga kepercayaan para pencari properti dengan hanya menayangkan iklan yang kredibel dan terpercaya. Oleh karena itu, setiap Project perlu melalui proses verifikasi. Ajak Developer untuk memverifikasi Project ini bersama tim Rumah123",https://picture.rumah123.com/r123-images/720x420-crop/customer/2050474/7c1e41587eb04609029c6b2ff3705bf9.jpg,property_images\property_33.jpg,,,,,,
34,Rumah Kolam Renang Jogja Kota Mantrijeron,https://www.rumah123.com/properti/yogyakarta/hos9318813/,3000.0,"Rumah123 adalah platform properti terbesar dan tepercaya di Indonesia. Kami berkomitmen untuk menjaga kepercayaan para pencari properti dengan hanya menayangkan iklan yang kredibel dan terpercaya. Oleh karena itu, setiap Project perlu melalui proses verifikasi. Ajak Developer untuk memverifikasi Project ini bersama tim Rumah123",https://picture.rumah123.com/r123-images/720x420-crop/customer/1098849/2024-06-02-07-10-10-652aecbb-f47c-461f-b870-03ba450c7ef0.jpg,property_images\property_34.jpg,2.0,3.0,1.0,,,
35,"Rumah, Pusatkota Yogja, Hitung Tanah Saja, Shm, Jual Murah",https://www.rumah123.com/properti/yogyakarta/hos18438989/,400.0,"Rumah123 adalah platform properti terbesar dan tepercaya di Indonesia. Kami berkomitmen untuk menjaga kepercayaan para pencari properti dengan hanya menayangkan iklan yang kredibel dan terpercaya. Oleh karena itu, setiap Project perlu melalui proses verifikasi. Ajak Developer untuk memverifikasi Project ini bersama tim Rumah123",https://picture.rumah123.com/r123-images/720x420-crop/customer/2050474/73f19782292530d57dde97c9e313ab56.jpg,property_images\property_35.jpg,,,,,,
36,RUMAH UMBULHARJO YOGYAKARTA KOTA,https://www.rumah123.com/properti/yogyakarta/hos18290177/,925.0,"Rumah123 adalah platform properti terbesar dan tepercaya di Indonesia. Kami berkomitmen untuk menjaga kepercayaan para pencari properti dengan hanya menayangkan iklan yang kredibel dan terpercaya. Oleh karena itu, setiap Project perlu melalui proses verifikasi. Ajak Developer untuk memverifikasi Project ini bersama tim Rumah123",https://picture.rumah123.com/r123-images/720x420-crop/customer/1684270/2024-10-02-11-31-54-3fcc401d-83a6-4bb7-ad61-4d64962c1be9-1727843514.jpg,property_images\property_36.jpg,3.0,1.0,,,,2024-11-02 13:25:04.673804
37,"Kost 24 KT Eksklusif di Pogung dekat UGM, RS Sardjito, Fakultas Kedokteran, Jakal, Pandega",https://www.rumah123.com/properti/yogyakarta/hos7253101/,7000.0,"Rumah123 adalah platform properti terbesar dan tepercaya di Indonesia. Kami berkomitmen untuk menjaga kepercayaan para pencari properti dengan hanya menayangkan iklan yang kredibel dan terpercaya. Oleh karena itu, setiap Project perlu melalui proses verifikasi. Ajak Developer untuk memverifikasi Project ini bersama tim Rumah123",https://picture.rumah123.com/r123-images/720x420-crop/customer/577930/2022-12-30-06-33-32-4754b0bb-fa78-4182-af62-1f2552de694b.jpg,property_images\property_37.jpg,24.0,24.0,,,,
38,Rumah pogung baru dekat UGM Jogja & RS Sardjito,https://www.rumah123.com/properti/yogyakarta/hos14460371/,3000.0,"Rumah123 adalah platform properti terbesar dan tepercaya di Indonesia. Kami berkomitmen untuk menjaga kepercayaan para pencari properti dengan hanya menayangkan iklan yang kredibel dan terpercaya. Oleh karena itu, setiap Project perlu melalui proses verifikasi. Ajak Developer untuk memverifikasi Project ini bersama tim Rumah123",,,5.0,3.0,2.0,,,
39,Rumah Lama 1lantai Lokasi Srategis di Pusat Kota Yogyakarta,https://www.rumah123.com/properti/yogyakarta/hos18386785/,13000.0,"Rumah123 adalah platform properti terbesar dan tepercaya di Indonesia. Kami berkomitmen untuk menjaga kepercayaan para pencari properti dengan hanya menayangkan iklan yang kredibel dan terpercaya. Oleh karena itu, setiap Project perlu melalui proses verifikasi. Ajak Developer untuk memverifikasi Project ini bersama tim Rumah123",https://picture.rumah123.com/r123-images/720x420-crop/customer/1341368/ed0a8cf3df421aa192d99c8a86a7375c.jpg,property_images\property_39.jpg,3.0,3.0,6.0,,,
40,Rumah Shm Dijual Jogja Sagan Terban Gondokusuman Kota Yogjakarta,https://www.rumah123.com/properti/yogyakarta/hos18330800/,19000.0,"Rumah123 adalah platform properti terbesar dan tepercaya di Indonesia. Kami berkomitmen untuk menjaga kepercayaan para pencari properti dengan hanya menayangkan iklan yang kredibel dan terpercaya. Oleh karena itu, setiap Project perlu melalui proses verifikasi. Ajak Developer untuk memverifikasi Project ini bersama tim Rumah123",https://picture.rumah123.com/r123-images/720x420-crop/customer/1105039/2022-10-31-06-31-28-4b3362c9-2885-4b90-aaa1-e6f9d7018462.jpg,property_images\property_40.jpg,17.0,7.0,1.0,,,
41,"Homestay Dijual Dekat Ambarukmo Plaza, Rumah Mewah Jogja",https://www.rumah123.com/properti/yogyakarta/hos17809570/,5000.0,"Rumah123 adalah platform properti terbesar dan tepercaya di Indonesia. Kami berkomitmen untuk menjaga kepercayaan para pencari properti dengan hanya menayangkan iklan yang kredibel dan terpercaya. Oleh karena itu, setiap Project perlu melalui proses verifikasi. Ajak Developer untuk memverifikasi Project ini bersama tim Rumah123",https://picture.rumah123.com/r123-images/720x420-crop/customer/1681448/0b1df05ea5f868576d5b7632112e4ce6.jpg,property_images\property_41.jpg,4.0,4.0,3.0,,,
42,"Rumah induk & kost 2 lantai dkt MM UGM, utara apartemen Taman Melati. Desain cantik bak cafe, balkon, taman dg pepohonan rindang, kolam koi.",https://www.rumah123.com/properti/yogyakarta/hos17091791/,6000.0,"Rumah123 adalah platform properti terbesar dan tepercaya di Indonesia. Kami berkomitmen untuk menjaga kepercayaan para pencari properti dengan hanya menayangkan iklan yang kredibel dan terpercaya. Oleh karena itu, setiap Project perlu melalui proses verifikasi. Ajak Developer untuk memverifikasi Project ini bersama tim Rumah123",https://picture.rumah123.com/r123-images/720x420-crop/customer/781770/2024-05-13-15-52-31-5e0e5a80-bbd1-4ea0-9c76-7e569ccfe83a.jpg,property_images\property_42.jpg,7.0,4.0,2.0,,,
43,"Hunian Eksklusif di Palagan, Jogja; One Gate System",https://www.rumah123.com/properti/yogyakarta/hos17681140/,2000.0,"Rumah123 adalah platform properti terbesar dan tepercaya di Indonesia. Kami berkomitmen untuk menjaga kepercayaan para pencari properti dengan hanya menayangkan iklan yang kredibel dan terpercaya. Oleh karena itu, setiap Project perlu melalui proses verifikasi. Ajak Developer untuk memverifikasi Project ini bersama tim Rumah123",https://picture.rumah123.com/r123-images/720x420-crop/customer/2028540/2024-07-24-09-42-47-c365dd61-deda-4eaf-8159-f8ac99247f63.jpg,property_images\property_43.jpg,3.0,3.0,1.0,,,2024-11-08 11:25:12.477931
44,Rumah Dijual Sangat Murah Dalam Ringroad Jogja,https://www.rumah123.com/properti/yogyakarta/hos18151575/,2000.0,"Rumah123 adalah platform properti terbesar dan tepercaya di Indonesia. Kami berkomitmen untuk menjaga kepercayaan para pencari properti dengan hanya menayangkan iklan yang kredibel dan terpercaya. Oleh karena itu, setiap Project perlu melalui proses verifikasi. Ajak Developer untuk memverifikasi Project ini bersama tim Rumah123",https://picture.rumah123.com/r123-images/720x420-crop/customer/2033624/77d230d50ad9bf0159334cd94add6228.jpg,property_images\property_44.jpg,4.0,2.0,2.0,,,2024-11-08 10:25:13.169404
45,Rumah Perumahan Dekat Ugm Dijual Jogja Mlati Sleman Yogyakarta,https://www.rumah123.com/properti/yogyakarta/hos18276155/,2000.0,"Rumah123 adalah platform properti terbesar dan tepercaya di Indonesia. Kami berkomitmen untuk menjaga kepercayaan para pencari properti dengan hanya menayangkan iklan yang kredibel dan terpercaya. Oleh karena itu, setiap Project perlu melalui proses verifikasi. Ajak Developer untuk memverifikasi Project ini bersama tim Rumah123",https://picture.rumah123.com/r123-images/720x420-crop/customer/1769586/2023-12-17-13-50-32-64ee1cb7-9ad8-45a0-ae06-8e8f28790739.jpg,property_images\property_45.jpg,5.0,5.0,,,,2024-11-08 08:25:13.679177
46,Rumah Di Dalam Perumahan Jogja Utara Magelang Sleman Yogyakarta,https://www.rumah123.com/properti/yogyakarta/hos15600404/,1000.0,"Rumah123 adalah platform properti terbesar dan tepercaya di Indonesia. Kami berkomitmen untuk menjaga kepercayaan para pencari properti dengan hanya menayangkan iklan yang kredibel dan terpercaya. Oleh karena itu, setiap Project perlu melalui proses verifikasi. Ajak Developer untuk memverifikasi Project ini bersama tim Rumah123",https://pic.rumah123.com/r123/720x420-crop/house/ho14/14136504/original/hos14136504-06-12-00-49-50-f56abf9d-fc36-4611-956c-10f916bcd12a.jpg,property_images\property_46.jpg,3.0,3.0,1.0,,,2024-11-08 09:25:14.188014
47,Dijual Rumah Baru 2 Lantai Di Gambiran Umbulharjo Yogyakarta,https://www.rumah123.com/properti/yogyakarta/hos17932372/,750.0,"Rumah123 adalah platform properti terbesar dan tepercaya di Indonesia. Kami berkomitmen untuk menjaga kepercayaan para pencari properti dengan hanya menayangkan iklan yang kredibel dan terpercaya. Oleh karena itu, setiap Project perlu melalui proses verifikasi. Ajak Developer untuk memverifikasi Project ini bersama tim Rumah123",https://picture.rumah123.com/r123-images/720x420-crop/customer/1925801/229163c8a611b3c3eef9e06d322c462b.jpg,property_images\property_47.jpg,3.0,2.0,1.0,,,2024-11-08 08:25:14.703711
48,Rumah Siap Huni Warungboto Jogja Kota Umbulharjo Yogyakarta Shm,https://www.rumah123.com/properti/yogyakarta/hos18276157/,875.0,"Rumah123 adalah platform properti terbesar dan tepercaya di Indonesia. Kami berkomitmen untuk menjaga kepercayaan para pencari properti dengan hanya menayangkan iklan yang kredibel dan terpercaya. Oleh karena itu, setiap Project perlu melalui proses verifikasi. Ajak Developer untuk memverifikasi Project ini bersama tim Rumah123",https://picture.rumah123.com/r123-images/720x420-crop/customer/1927716/2024-02-01-02-26-27-0ad4450e-31d7-4fca-811d-2d0efc89bc74.jpg,property_images\property_48.jpg,3.0,1.0,,,,2024-11-08 08:25:15.093931
49,Rumah Sorosutan Shm Dijual Jogja Kota Umbulharjo Yogyakarta,https://www.rumah123.com/properti/yogyakarta/hos17566371/,1000.0,"Rumah123 adalah platform properti terbesar dan tepercaya di Indonesia. Kami berkomitmen untuk menjaga kepercayaan para pencari properti dengan hanya menayangkan iklan yang kredibel dan terpercaya. Oleh karena itu, setiap Project perlu melalui proses verifikasi. Ajak Developer untuk memverifikasi Project ini bersama tim Rumah123",https://picture.rumah123.com/r123-images/720x420-crop/customer/1925801/2024-07-11-04-11-46-1d3820cf-f0bc-41ec-9961-56d5b0cca804.jpg,property_images\property_49.jpg,6.0,3.0,1.0,,,2024-11-08 08:25:15.677449
50,Rumah Baru Siap Huni SHM Sambego Jalan Tajem Maguwoharjo Depok,https://www.rumah123.com/properti/yogyakarta/hos16176158/,690.0,"Rumah123 adalah platform properti terbesar dan tepercaya di Indonesia. Kami berkomitmen untuk menjaga kepercayaan para pencari properti dengan hanya menayangkan iklan yang kredibel dan terpercaya. Oleh karena itu, setiap Project perlu melalui proses verifikasi. Ajak Developer untuk memverifikasi Project ini bersama tim Rumah123",https://picture.rumah123.com/r123-images/720x420-crop/customer/1925801/2024-01-26-03-24-34-49cf9338-ebf7-4b67-9dce-9ddd1ff33bdc.jpg,property_images\property_50.jpg,3.0,2.0,,,,2024-11-08 08:25:17.211415
51,2 Unit Rumah Baru Siap Huni Cantik Limasan Dalam Perumahan Dekat Terminal Giwangan,https://www.rumah123.com/properti/yogyakarta/hos18320711/,475.0,"Rumah123 adalah platform properti terbesar dan tepercaya di Indonesia. Kami berkomitmen untuk menjaga kepercayaan para pencari properti dengan hanya menayangkan iklan yang kredibel dan terpercaya. Oleh karena itu, setiap Project perlu melalui proses verifikasi. Ajak Developer untuk memverifikasi Project ini bersama tim Rumah123",https://picture.rumah123.com/r123-images/720x420-crop/customer/1630475/575dc434bbce46aa978df712998fee44.jpg,property_images\property_51.jpg,2.0,1.0,1.0,,,2024-11-07 23:25:28.718769
52,Rumah Mewah Etnik Joglo Jawa Maguwoharjo Depok Sleman Yogyakarta,https://www.rumah123.com/properti/yogyakarta/hos18557729/,2000.0,"Rumah123 adalah platform properti terbesar dan tepercaya di Indonesia. Kami berkomitmen untuk menjaga kepercayaan para pencari properti dengan hanya menayangkan iklan yang kredibel dan terpercaya. Oleh karena itu, setiap Project perlu melalui proses verifikasi. Ajak Developer untuk memverifikasi Project ini bersama tim Rumah123",https://picture.rumah123.com/r123-images/720x420-crop/customer/1927716/3ea82a7ce6dfdc6775582d6214c614bd.jpg,property_images\property_52.jpg,3.0,2.0,,,,2024-11-07 17:25:32.599118
53,DIJUAL RUMAH COCOK UNTUK USAHA,https://www.rumah123.com/properti/yogyakarta/hos17792286/,2000.0,"Rumah123 adalah platform properti terbesar dan tepercaya di Indonesia. Kami berkomitmen untuk menjaga kepercayaan para pencari properti dengan hanya menayangkan iklan yang kredibel dan terpercaya. Oleh karena itu, setiap Project perlu melalui proses verifikasi. Ajak Developer untuk memverifikasi Project ini bersama tim Rumah123",https://picture.rumah123.com/r123-images/720x420-crop/customer/1976407/335fede361fddb14195fd42de40849ff.jpg,property_images\property_53.jpg,4.0,4.0,3.0,,,2024-11-07 17:25:33.741461
54,Murah Rumah Ditengah Kota Marva Residence,https://www.rumah123.com/properti/yogyakarta/hos18494524/,885.0,"Rumah123 adalah platform properti terbesar dan tepercaya di Indonesia. Kami berkomitmen untuk menjaga kepercayaan para pencari properti dengan hanya menayangkan iklan yang kredibel dan terpercaya. Oleh karena itu, setiap Project perlu melalui proses verifikasi. Ajak Developer untuk memverifikasi Project ini bersama tim Rumah123",https://picture.rumah123.com/r123-images/720x420-crop/customer/2103055/2024-10-25-16-00-52-91cc3859-40a5-4a6c-8c9c-3e6a66f3c36a-1729846852.jpg,property_images\property_54.jpg,3.0,1.0,,,,2024-11-07 14:25:34.669636
55,Villa di Tengah Kota Jogja Dengan Fasilitas Private Pool,https://www.rumah123.com/properti/yogyakarta/hos18061764/,358.0,"Rumah123 adalah platform properti terbesar dan tepercaya di Indonesia. Kami berkomitmen untuk menjaga kepercayaan para pencari properti dengan hanya menayangkan iklan yang kredibel dan terpercaya. Oleh karena itu, setiap Project perlu melalui proses verifikasi. Ajak Developer untuk memverifikasi Project ini bersama tim Rumah123",https://picture.rumah123.com/r123-images/720x420-crop/customer/2038163/352270c59620a2c315777c1efee4fed5.png,property_images\property_55.jpg,1.0,1.0,1.0,,,2024-11-07 13:25:38.987283
56,Rumah Mezzanine di Dekat Stadion Maguwoharjo Sleman,https://www.rumah123.com/properti/yogyakarta/hos18061003/,205.0,"Rumah123 adalah platform properti terbesar dan tepercaya di Indonesia. Kami berkomitmen untuk menjaga kepercayaan para pencari properti dengan hanya menayangkan iklan yang kredibel dan terpercaya. Oleh karena itu, setiap Project perlu melalui proses verifikasi. Ajak Developer untuk memverifikasi Project ini bersama tim Rumah123",https://picture.rumah123.com/r123-images/720x420-crop/customer/2038163/a03266477ff1133cb70525ef0bddb363.jpg,property_images\property_56.jpg,1.0,1.0,1.0,,,2024-11-07 13:25:42.172764
57,Villa Private Pool Siap Huni di Pusat Kota Jogja,https://www.rumah123.com/properti/yogyakarta/hos18280034/,369.0,"Rumah123 adalah platform properti terbesar dan tepercaya di Indonesia. Kami berkomitmen untuk menjaga kepercayaan para pencari properti dengan hanya menayangkan iklan yang kredibel dan terpercaya. Oleh karena itu, setiap Project perlu melalui proses verifikasi. Ajak Developer untuk memverifikasi Project ini bersama tim Rumah123",https://picture.rumah123.com/r123-images/720x420-crop/customer/2038163/b1dc212e1d9184c8c2ef9fb8129b3549.jpg,property_images\property_57.jpg,1.0,1.0,1.0,,,2024-11-07 13:25:43.603182
58,Villa Eksklusif Mezzanine di Dekat Ugm Jogja,https://www.rumah123.com/properti/yogyakarta/hos17949057/,200.0,"Rumah123 adalah platform properti terbesar dan tepercaya di Indonesia. Kami berkomitmen untuk menjaga kepercayaan para pencari properti dengan hanya menayangkan iklan yang kredibel dan terpercaya. Oleh karena itu, setiap Project perlu melalui proses verifikasi. Ajak Developer untuk memverifikasi Project ini bersama tim Rumah123",https://picture.rumah123.com/r123-images/720x420-crop/customer/2038163/735499791aa73e5533b6d9889f820a6f.jpg,property_images\property_58.jpg,1.0,1.0,1.0,,,2024-11-07 13:25:45.496477
59,Rumah Private Pool Murah Dekat Exit Tol Jogja,https://www.rumah123.com/properti/yogyakarta/hos17965787/,360.0,"Rumah123 adalah platform properti terbesar dan tepercaya di Indonesia. Kami berkomitmen untuk menjaga kepercayaan para pencari properti dengan hanya menayangkan iklan yang kredibel dan terpercaya. Oleh karena itu, setiap Project perlu melalui proses verifikasi. Ajak Developer untuk memverifikasi Project ini bersama tim Rumah123",https://picture.rumah123.com/r123-images/720x420-crop/customer/2038163/9da6df8e63b6119154731fab2007dad4.jpg,property_images\property_59.jpg,2.0,1.0,1.0,,,2024-11-07 13:25:47.346412
60,Hunian Mewah Private Pool di Maguwoharjo Yogyakarta,https://www.rumah123.com/properti/yogyakarta/hos17726542/,1000.0,"Rumah123 adalah platform properti terbesar dan tepercaya di Indonesia. Kami berkomitmen untuk menjaga kepercayaan para pencari properti dengan hanya menayangkan iklan yang kredibel dan terpercaya. Oleh karena itu, setiap Project perlu melalui proses verifikasi. Ajak Developer untuk memverifikasi Project ini bersama tim Rumah123",https://picture.rumah123.com/r123-images/720x420-crop/customer/2038163/2024-07-30-08-04-42-c738123d-b8e1-4daf-8f31-6d5899cdf8da.jpg,property_images\property_60.jpg,3.0,2.0,2.0,,,2024-11-07 13:25:52.931623
61,Promo Villa Mewah Suasana Asri di Maguwoharjo,https://www.rumah123.com/properti/yogyakarta/hos17938353/,1000.0,"Rumah123 adalah platform properti terbesar dan tepercaya di Indonesia. Kami berkomitmen untuk menjaga kepercayaan para pencari properti dengan hanya menayangkan iklan yang kredibel dan terpercaya. Oleh karena itu, setiap Project perlu melalui proses verifikasi. Ajak Developer untuk memverifikasi Project ini bersama tim Rumah123",https://picture.rumah123.com/r123-images/720x420-crop/customer/2038163/e6b60be8e392ce274465423108ebb315.jpg,property_images\property_61.jpg,3.0,2.0,1.0,,,2024-11-07 13:25:54.397428
62,Rumah Mezzanine dekat Kampus Amikom Yogyakarta,https://www.rumah123.com/properti/yogyakarta/hos17662200/,199.0,"Rumah123 adalah platform properti terbesar dan tepercaya di Indonesia. Kami berkomitmen untuk menjaga kepercayaan para pencari properti dengan hanya menayangkan iklan yang kredibel dan terpercaya. Oleh karena itu, setiap Project perlu melalui proses verifikasi. Ajak Developer untuk memverifikasi Project ini bersama tim Rumah123",https://picture.rumah123.com/r123-images/720x420-crop/customer/2038163/2024-07-22-15-39-51-b3a24203-1583-4401-9fd9-2e35be6a07bd.jpg,property_images\property_62.jpg,1.0,1.0,1.0,,,2024-11-07 13:25:57.811848
63,Hunian Mezzanine Full Furnished Dekat Kampus UPN Yogyakarta,https://www.rumah123.com/properti/yogyakarta/hos17693177/,199.0,"Rumah123 adalah platform properti terbesar dan tepercaya di Indonesia. Kami berkomitmen untuk menjaga kepercayaan para pencari properti dengan hanya menayangkan iklan yang kredibel dan terpercaya. Oleh karena itu, setiap Project perlu melalui proses verifikasi. Ajak Developer untuk memverifikasi Project ini bersama tim Rumah123",https://picture.rumah123.com/r123-images/720x420-crop/customer/2038163/2024-07-25-13-48-46-c09fc585-9d1a-423d-9e79-9d25240e5e91.jpg,property_images\property_63.jpg,1.0,1.0,1.0,,,2024-11-07 13:26:02.196106
64,Villa Mewah Private Pool Maguwoharjo Yogyakarta,https://www.rumah123.com/properti/yogyakarta/hos17830611/,1000.0,"Rumah123 adalah platform properti terbesar dan tepercaya di Indonesia. Kami berkomitmen untuk menjaga kepercayaan para pencari properti dengan hanya menayangkan iklan yang kredibel dan terpercaya. Oleh karena itu, setiap Project perlu melalui proses verifikasi. Ajak Developer untuk memverifikasi Project ini bersama tim Rumah123",https://picture.rumah123.com/r123-images/720x420-crop/customer/2038163/4448ae8ecebf84cc9bebf4b261e5ed56.jpg,property_images\property_64.jpg,3.0,2.0,2.0,,,2024-11-07 13:26:04.219287
65,Villa Private Pool Full Furnished di Kaliurang Jogja,https://www.rumah123.com/properti/yogyakarta/hos18053839/,300.0,"Rumah123 adalah platform properti terbesar dan tepercaya di Indonesia. Kami berkomitmen untuk menjaga kepercayaan para pencari properti dengan hanya menayangkan iklan yang kredibel dan terpercaya. Oleh karena itu, setiap Project perlu melalui proses verifikasi. Ajak Developer untuk memverifikasi Project ini bersama tim Rumah123",https://picture.rumah123.com/r123-images/720x420-crop/customer/2038163/7af0877a71e49978def387bfaab9eec4.jpg,property_images\property_65.jpg,1.0,1.0,1.0,,,2024-11-07 13:26:07.188226
66,"VILLA MANTRIJERON KERATON MALIOBORO, AREA KAMPUNG BULE, PUSAT WISATA GUEST HOUSE, CAFE RESTO BULE MANCANEGARA. HIDDEN GEM, PRIVATE POOL, FULL FURNISHED HARGA DISKON",https://www.rumah123.com/properti/yogyakarta/hos17289485/,2000.0,"Rumah123 adalah platform properti terbesar dan tepercaya di Indonesia. Kami berkomitmen untuk menjaga kepercayaan para pencari properti dengan hanya menayangkan iklan yang kredibel dan terpercaya. Oleh karena itu, setiap Project perlu melalui proses verifikasi. Ajak Developer untuk memverifikasi Project ini bersama tim Rumah123",https://picture.rumah123.com/r123-images/720x420-crop/customer/1695836/2024-06-06-08-44-29-47823aa5-0910-40ba-b343-f571cfdb67b1-1717638269.jpg,property_images\property_66.jpg,2.0,2.0,,,,2024-11-07 13:26:13.140258
67,Rumah Mewah 2 Lantai Dalam Cluster Dekat Kampus Umy Dan Ugm Jogja,https://www.rumah123.com/properti/yogyakarta/hos18352112/,2000.0,"Rumah123 adalah platform properti terbesar dan tepercaya di Indonesia. Kami berkomitmen untuk menjaga kepercayaan para pencari properti dengan hanya menayangkan iklan yang kredibel dan terpercaya. Oleh karena itu, setiap Project perlu melalui proses verifikasi. Ajak Developer untuk memverifikasi Project ini bersama tim Rumah123",https://picture.rumah123.com/r123-images/720x420-crop/customer/1968845/6ef0e477c68232211d1ef1e68d8ecba4.jpg,property_images\property_67.jpg,4.0,3.0,2.0,,,2024-11-07 13:26:19.060420
68,rumah mewah design classic bonus kolam renang dekat tol maguwo,https://www.rumah123.com/properti/yogyakarta/hos17828739/,1000.0,"Rumah123 adalah platform properti terbesar dan tepercaya di Indonesia. Kami berkomitmen untuk menjaga kepercayaan para pencari properti dengan hanya menayangkan iklan yang kredibel dan terpercaya. Oleh karena itu, setiap Project perlu melalui proses verifikasi. Ajak Developer untuk memverifikasi Project ini bersama tim Rumah123",https://picture.rumah123.com/r123-images/720x420-crop/customer/1968845/8a5855e305f285fc78549087981841eb.jpg,property_images\property_68.jpg,3.0,2.0,2.0,,,2024-11-07 13:26:21.986446
69,Rumah Dijual Bantul Cocok Untuk Homestay Barat Alfamart Tugu Lilin,https://www.rumah123.com/properti/yogyakarta/hos18077934/,387.0,"Rumah123 adalah platform properti terbesar dan tepercaya di Indonesia. Kami berkomitmen untuk menjaga kepercayaan para pencari properti dengan hanya menayangkan iklan yang kredibel dan terpercaya. Oleh karena itu, setiap Project perlu melalui proses verifikasi. Ajak Developer untuk memverifikasi Project ini bersama tim Rumah123",https://picture.rumah123.com/r123-images/720x420-crop/customer/1968845/7c6e04dec730fcff08a4c3691710285b.jpg,property_images\property_69.jpg,2.0,1.0,1.0,,,2024-11-07 13:26:22.859213
70,Rumah Dalam Cluster New Verania Dekat Kampus Umy Dan Malioboro,https://www.rumah123.com/properti/yogyakarta/hos18387321/,2000.0,"Rumah123 adalah platform properti terbesar dan tepercaya di Indonesia. Kami berkomitmen untuk menjaga kepercayaan para pencari properti dengan hanya menayangkan iklan yang kredibel dan terpercaya. Oleh karena itu, setiap Project perlu melalui proses verifikasi. Ajak Developer untuk memverifikasi Project ini bersama tim Rumah123",https://picture.rumah123.com/r123-images/720x420-crop/customer/1968845/6ef0e477c68232211d1ef1e68d8ecba4.jpg,property_images\property_70.jpg,4.0,3.0,2.0,,,2024-11-07 13:26:24.316584
71,Hunian Nyaman Untuk Masa Pensiun di Yogyakarta,https://www.rumah123.com/properti/yogyakarta/hos18564898/,834.0,"Project ini telah berhasil diverifikasi oleh Developer bersama tim Rumah123, memastikan informasi yang akurat dan dapat dipercaya.",https://picture.rumah123.com/r123-images/720x420-crop/customer/2109277/1738af88b28d2ee46f8787c4971cf40a.jpg,property_images\property_71.jpg,2.0,1.0,1.0,,,2024-11-07 13:26:25.130916
72,"Cluster Baru Termurah di Ngaglik, Dekat Rs Gramedika",https://www.rumah123.com/properti/yogyakarta/hos16076307/,485.0,"Rumah123 adalah platform properti terbesar dan tepercaya di Indonesia. Kami berkomitmen untuk menjaga kepercayaan para pencari properti dengan hanya menayangkan iklan yang kredibel dan terpercaya. Oleh karena itu, setiap Project perlu melalui proses verifikasi. Ajak Developer untuk memverifikasi Project ini bersama tim Rumah123",https://picture.rumah123.com/r123-images/720x420-crop/customer/1776782/2023-12-09-04-38-27-8daa2215-184f-4f89-b1a2-9660ce4b2a8c.jpg,property_images\property_72.jpg,2.0,1.0,1.0,,,2024-11-07 13:26:31.920506
73,Rumah Mewah Minimalis Di Barat Kota Jogja,https://www.rumah123.com/properti/yogyakarta/hos18578342/,734.0,"Project ini telah berhasil diverifikasi oleh Developer bersama tim Rumah123, memastikan informasi yang akurat dan dapat dipercaya.",https://picture.rumah123.com/r123-images/720x420-crop/customer/2109277/98e2a7e7272e16987b8077a5e63eddbb.jpg,property_images\property_73.jpg,2.0,1.0,1.0,,,2024-11-07 13:26:36.889902
74,Jual Murah Rumah Mewah Yogyakarta,https://www.rumah123.com/properti/yogyakarta/hos17597848/,6000.0,"Rumah123 adalah platform properti terbesar dan tepercaya di Indonesia. Kami berkomitmen untuk menjaga kepercayaan para pencari properti dengan hanya menayangkan iklan yang kredibel dan terpercaya. Oleh karena itu, setiap Project perlu melalui proses verifikasi. Ajak Developer untuk memverifikasi Project ini bersama tim Rumah123",https://picture.rumah123.com/r123-images/720x420-crop/customer/2033166/2024-07-15-07-30-30-2dae0929-9219-4a5f-9d98-3618ba3d7146.jpg,property_images\property_74.jpg,6.0,4.0,2.0,,,2024-11-07 13:26:40.393484
75,"Dijual Rumah Garansi Sewa 5 Tahun, 2 Lantai Full Furnished Dalam Perum, Dekat Apmd",https://www.rumah123.com/properti/yogyakarta/hos13376422/,2000.0,"Rumah123 adalah platform properti terbesar dan tepercaya di Indonesia. Kami berkomitmen untuk menjaga kepercayaan para pencari properti dengan hanya menayangkan iklan yang kredibel dan terpercaya. Oleh karena itu, setiap Project perlu melalui proses verifikasi. Ajak Developer untuk memverifikasi Project ini bersama tim Rumah123",https://picture.rumah123.com/r123-images/720x420-crop/customer/1802578/2023-04-09-02-17-40-97b7b2c1-23c5-4954-ba9b-338aabf1da89.jpg,property_images\property_75.jpg,4.0,4.0,2.0,,,2024-11-08 01:26:41.581103
76,Rumah Murah Modern Minimalis SHM Di Seyegan Sleman,https://www.rumah123.com/properti/yogyakarta/hos18138025/,299.0,"Rumah123 adalah platform properti terbesar dan tepercaya di Indonesia. Kami berkomitmen untuk menjaga kepercayaan para pencari properti dengan hanya menayangkan iklan yang kredibel dan terpercaya. Oleh karena itu, setiap Project perlu melalui proses verifikasi. Ajak Developer untuk memverifikasi Project ini bersama tim Rumah123",https://picture.rumah123.com/r123-images/720x420-crop/customer/2044714/db04cccf8af46c9970ab22dd4a7b6abd.jpg,property_images\property_76.jpg,2.0,1.0,1.0,,,2024-11-07 13:26:42.729806
77,Rumah Hunian Murah Nyaman di Seyegan Sleman,https://www.rumah123.com/properti/yogyakarta/hos18302870/,299.0,"Rumah123 adalah platform properti terbesar dan tepercaya di Indonesia. Kami berkomitmen untuk menjaga kepercayaan para pencari properti dengan hanya menayangkan iklan yang kredibel dan terpercaya. Oleh karena itu, setiap Project perlu melalui proses verifikasi. Ajak Developer untuk memverifikasi Project ini bersama tim Rumah123",https://picture.rumah123.com/r123-images/720x420-crop/customer/2044714/0f1df723f4c157e45488c5703f9deb8c.jpg,property_images\property_77.jpg,2.0,1.0,1.0,,,2024-11-07 13:26:43.240665
78,"Dijual Guest House Di Kota Yogyakarta, Hanya 2 Km Dari Stasiun Tugu",https://www.rumah123.com/properti/yogyakarta/hos18022830/,3000.0,"Rumah123 adalah platform properti terbesar dan tepercaya di Indonesia. Kami berkomitmen untuk menjaga kepercayaan para pencari properti dengan hanya menayangkan iklan yang kredibel dan terpercaya. Oleh karena itu, setiap Project perlu melalui proses verifikasi. Ajak Developer untuk memverifikasi Project ini bersama tim Rumah123",https://picture.rumah123.com/r123-images/720x420-crop/customer/1747804/654be7b3ce43cc685e4eb58dedf1c623.jpg,property_images\property_78.jpg,3.0,1.0,1.0,,,2024-11-07 13:26:44.983424
79,Jarang Ada!!!! Rumah Mewah 2 Lantai Mediteran Lux Dengan Kolam Renang Pribadi Dalam Perumahan Elite Casa Grande Maguwoharjo Depok Sleman Dekat Kampus Upn,https://www.rumah123.com/properti/yogyakarta/hos18197311/,11000.0,"Rumah123 adalah platform properti terbesar dan tepercaya di Indonesia. Kami berkomitmen untuk menjaga kepercayaan para pencari properti dengan hanya menayangkan iklan yang kredibel dan terpercaya. Oleh karena itu, setiap Project perlu melalui proses verifikasi. Ajak Developer untuk memverifikasi Project ini bersama tim Rumah123",https://picture.rumah123.com/r123-images/720x420-crop/customer/2071421/60d771e7c1dbead72c4ae7f2e7fa0c98.jpg,property_images\property_79.jpg,6.0,6.0,2.0,,,2024-11-07 13:26:49.030660
80,Rumah di Jual Tengah Pusat Jogja Kota Warungboto Umbulharjo Yogyakarta SHM Bagus,https://www.rumah123.com/properti/yogyakarta/hos15600414/,950.0,"Rumah123 adalah platform properti terbesar dan tepercaya di Indonesia. Kami berkomitmen untuk menjaga kepercayaan para pencari properti dengan hanya menayangkan iklan yang kredibel dan terpercaya. Oleh karena itu, setiap Project perlu melalui proses verifikasi. Ajak Developer untuk memverifikasi Project ini bersama tim Rumah123",https://pic.rumah123.com/r123/720x420-crop/house/ho14/14136489/original/hos14136489-06-15-09-37-11-36be7014-5cbb-4831-b248-c8d03ad9a634.jpg,property_images\property_80.jpg,3.0,2.0,,,,2024-11-08 01:26:56.581174
81,Rumah Shm Dijual Baciro Jogja Gondokusuman Yogyakarta Bagus,https://www.rumah123.com/properti/yogyakarta/hos15600432/,1000.0,"Rumah123 adalah platform properti terbesar dan tepercaya di Indonesia. Kami berkomitmen untuk menjaga kepercayaan para pencari properti dengan hanya menayangkan iklan yang kredibel dan terpercaya. Oleh karena itu, setiap Project perlu melalui proses verifikasi. Ajak Developer untuk memverifikasi Project ini bersama tim Rumah123",https://pic.rumah123.com/r123/720x420-crop/house/ho14/14136468/original/hos14136468-06-16-10-47-06-035134e0-909f-46c6-b17e-a2738249d9f4.jpg,property_images\property_81.jpg,4.0,3.0,2.0,,,2024-11-07 13:27:04.847469
82,Rumah Shm Dijual Jogja Kota Dekat Malioboro Tegalrejo Yogyakarta,https://www.rumah123.com/properti/yogyakarta/hos15600256/,3000.0,"Rumah123 adalah platform properti terbesar dan tepercaya di Indonesia. Kami berkomitmen untuk menjaga kepercayaan para pencari properti dengan hanya menayangkan iklan yang kredibel dan terpercaya. Oleh karena itu, setiap Project perlu melalui proses verifikasi. Ajak Developer untuk memverifikasi Project ini bersama tim Rumah123",https://pic.rumah123.com/r123/720x420-crop/house/ho14/14136740/original/hos14136740-03-24-02-55-48-339f2f8c-6548-46c0-9fe8-09057ece0bdd.jpg,property_images\property_82.jpg,4.0,2.0,1.0,,,2024-11-07 13:27:10.391376
83,Rumah di Jual Jogja Kota Dekat Malioboro Demakan Baru Tegalrejo Yogyakarta SHM Selatan,https://www.rumah123.com/properti/yogyakarta/hos15600427/,2000.0,"Rumah123 adalah platform properti terbesar dan tepercaya di Indonesia. Kami berkomitmen untuk menjaga kepercayaan para pencari properti dengan hanya menayangkan iklan yang kredibel dan terpercaya. Oleh karena itu, setiap Project perlu melalui proses verifikasi. Ajak Developer untuk memverifikasi Project ini bersama tim Rumah123",https://pic.rumah123.com/r123/720x420-crop/house/ho14/14136475/original/hos14136475-06-16-04-05-28-d352dec1-ee10-449a-af0d-f2e3370f385e.jpg,property_images\property_83.jpg,6.0,3.0,,,,2024-11-08 01:27:14.442778
84,Rumah 2 Lantai Furnished Shm Jogja Kota Umbulharjo Yogyakarta,https://www.rumah123.com/properti/yogyakarta/hos18276127/,1000.0,"Rumah123 adalah platform properti terbesar dan tepercaya di Indonesia. Kami berkomitmen untuk menjaga kepercayaan para pencari properti dengan hanya menayangkan iklan yang kredibel dan terpercaya. Oleh karena itu, setiap Project perlu melalui proses verifikasi. Ajak Developer untuk memverifikasi Project ini bersama tim Rumah123",https://picture.rumah123.com/r123-images/720x420-crop/customer/2070828/e9763ae01ee5bff4481fa4c97b719355.jpg,property_images\property_84.jpg,3.0,2.0,,,,2024-11-07 13:27:18.053859
85,Rumah 2 Lantai Perumahan Timoho Jogja Kota Umbulharjo Yogyakarta,https://www.rumah123.com/properti/yogyakarta/hos18276126/,1000.0,"Rumah123 adalah platform properti terbesar dan tepercaya di Indonesia. Kami berkomitmen untuk menjaga kepercayaan para pencari properti dengan hanya menayangkan iklan yang kredibel dan terpercaya. Oleh karena itu, setiap Project perlu melalui proses verifikasi. Ajak Developer untuk memverifikasi Project ini bersama tim Rumah123",https://picture.rumah123.com/r123-images/720x420-crop/customer/2070828/6ba2414efa7f700c4d843f0a0a5748fa.jpg,property_images\property_85.jpg,4.0,3.0,,,,2024-11-07 13:27:20.674070
86,"Rumah Baru Modern Minimalis SHM di Seyegan, Sleman",https://www.rumah123.com/properti/yogyakarta/hos18187016/,299.0,"Rumah123 adalah platform properti terbesar dan tepercaya di Indonesia. Kami berkomitmen untuk menjaga kepercayaan para pencari properti dengan hanya menayangkan iklan yang kredibel dan terpercaya. Oleh karena itu, setiap Project perlu melalui proses verifikasi. Ajak Developer untuk memverifikasi Project ini bersama tim Rumah123",https://picture.rumah123.com/r123-images/720x420-crop/customer/2044719/ae61b7e966c2ba3c0612eb84466f1fb5.jpg,property_images\property_86.jpg,2.0,1.0,1.0,,,2024-11-07 13:27:21.105503
87,Rumah Smart Home Murah Dekat Pasar Godean Sleman Yogyakarta,https://www.rumah123.com/properti/yogyakarta/hos18334570/,299.0,"Rumah123 adalah platform properti terbesar dan tepercaya di Indonesia. Kami berkomitmen untuk menjaga kepercayaan para pencari properti dengan hanya menayangkan iklan yang kredibel dan terpercaya. Oleh karena itu, setiap Project perlu melalui proses verifikasi. Ajak Developer untuk memverifikasi Project ini bersama tim Rumah123",https://picture.rumah123.com/r123-images/720x420-crop/customer/2044719/061a45022f42fe7eed5f47beec2633b6.jpg,property_images\property_87.jpg,2.0,1.0,1.0,,,2024-11-07 13:27:21.829150
88,Kos Eklusif fully furnished daerah Seturan Yogyakarta,https://www.rumah123.com/properti/yogyakarta/hos16689425/,10000.0,"Rumah123 adalah platform properti terbesar dan tepercaya di Indonesia. Kami berkomitmen untuk menjaga kepercayaan para pencari properti dengan hanya menayangkan iklan yang kredibel dan terpercaya. Oleh karena itu, setiap Project perlu melalui proses verifikasi. Ajak Developer untuk memverifikasi Project ini bersama tim Rumah123",https://picture.rumah123.com/r123-images/720x420-crop/customer/1807084/2024-03-16-17-45-43-0b48e8dd-dd5b-4dd0-ad20-f07553888600.jpg,property_images\property_88.jpg,22.0,22.0,1.0,,,2024-11-07 13:27:22.324497
89,Rumah 2 Lantai Dijual Jogja Baciro Timoho Gondokusuman Kota Yogya,https://www.rumah123.com/properti/yogyakarta/hos18250282/,2000.0,"Rumah123 adalah platform properti terbesar dan tepercaya di Indonesia. Kami berkomitmen untuk menjaga kepercayaan para pencari properti dengan hanya menayangkan iklan yang kredibel dan terpercaya. Oleh karena itu, setiap Project perlu melalui proses verifikasi. Ajak Developer untuk memverifikasi Project ini bersama tim Rumah123",https://picture.rumah123.com/r123-images/720x420-crop/customer/1927716/2024-03-24-02-57-07-cb1cdef7-6003-423e-a06c-d3d7fb68baf7.jpg,property_images\property_89.jpg,4.0,3.0,1.0,,,2024-11-07 13:27:23.154783
90,Rumah Perumahan Dijual Balaikota Jogja Gondokusuman Yogyakarta,https://www.rumah123.com/properti/yogyakarta/hos17980774/,2000.0,"Rumah123 adalah platform properti terbesar dan tepercaya di Indonesia. Kami berkomitmen untuk menjaga kepercayaan para pencari properti dengan hanya menayangkan iklan yang kredibel dan terpercaya. Oleh karena itu, setiap Project perlu melalui proses verifikasi. Ajak Developer untuk memverifikasi Project ini bersama tim Rumah123",https://picture.rumah123.com/r123-images/720x420-crop/customer/1925801/2024-05-21-04-31-00-81721a60-9b7e-4726-88ef-5219464995a5.jpg,property_images\property_90.jpg,3.0,2.0,2.0,,,2024-11-07 13:27:23.832454
91,Rumah Kolonial di Sagan Gondokusuman Dekat Galeria Mall Ugm,https://www.rumah123.com/properti/yogyakarta/hos12723878/,24000.0,"Rumah123 adalah platform properti terbesar dan tepercaya di Indonesia. Kami berkomitmen untuk menjaga kepercayaan para pencari properti dengan hanya menayangkan iklan yang kredibel dan terpercaya. Oleh karena itu, setiap Project perlu melalui proses verifikasi. Ajak Developer untuk memverifikasi Project ini bersama tim Rumah123",https://picture.rumah123.com/r123-images/720x420-crop/customer/1739800/2023-02-11-14-39-52-c2b84c49-6d07-42a8-829a-97c1bc092f54.jpg,property_images\property_91.jpg,6.0,3.0,5.0,,,2024-11-06 13:27:24.331586
92,"Jual Murah Rumah Sleman Siap Huni, Tepi Jalan Aspal",https://www.rumah123.com/properti/yogyakarta/hos18381960/,670.0,"Rumah123 adalah platform properti terbesar dan tepercaya di Indonesia. Kami berkomitmen untuk menjaga kepercayaan para pencari properti dengan hanya menayangkan iklan yang kredibel dan terpercaya. Oleh karena itu, setiap Project perlu melalui proses verifikasi. Ajak Developer untuk memverifikasi Project ini bersama tim Rumah123",https://picture.rumah123.com/r123-images/720x420-crop/customer/1980277/238fd09a1020a55723be7be510e6d63b.jpg,property_images\property_92.jpg,2.0,1.0,1.0,,,2024-11-06 13:27:24.905334
93,Dijual Cepat Rumah Bagus Dekat Kampus Uii Dan Ugm Yogyakarta,https://www.rumah123.com/properti/yogyakarta/hos17138853/,2000.0,"Rumah123 adalah platform properti terbesar dan tepercaya di Indonesia. Kami berkomitmen untuk menjaga kepercayaan para pencari properti dengan hanya menayangkan iklan yang kredibel dan terpercaya. Oleh karena itu, setiap Project perlu melalui proses verifikasi. Ajak Developer untuk memverifikasi Project ini bersama tim Rumah123",https://picture.rumah123.com/r123-images/720x420-crop/customer/1980277/2024-05-18-05-42-14-576103ad-95cd-4cf7-8dab-1b029c0cd2db.jpg,property_images\property_93.jpg,4.0,3.0,1.0,,,2024-11-06 13:27:25.665563
94,Rumah Dijual Murah Di Umbulharjo Kota.bisa Kpr Buruan Gerceep  !!,https://www.rumah123.com/properti/yogyakarta/hos12447798/,2000.0,"Rumah123 adalah platform properti terbesar dan tepercaya di Indonesia. Kami berkomitmen untuk menjaga kepercayaan para pencari properti dengan hanya menayangkan iklan yang kredibel dan terpercaya. Oleh karena itu, setiap Project perlu melalui proses verifikasi. Ajak Developer untuk memverifikasi Project ini bersama tim Rumah123",https://picture.rumah123.com/r123-images/720x420-crop/customer/1105039/2023-01-14-04-43-59-cc3b4405-48ad-42f3-9f1e-8763d9eae042.jpg,property_images\property_94.jpg,3.0,3.0,2.0,,,2024-11-06 13:27:26.215882
95,Dijual Rumah Desain Minimalis Modern 2 Lantai 3 Kt Dan 3 Km di Maguwoharjo,https://www.rumah123.com/properti/yogyakarta/hos18384796/,1000.0,"Rumah123 adalah platform properti terbesar dan tepercaya di Indonesia. Kami berkomitmen untuk menjaga kepercayaan para pencari properti dengan hanya menayangkan iklan yang kredibel dan terpercaya. Oleh karena itu, setiap Project perlu melalui proses verifikasi. Ajak Developer untuk memverifikasi Project ini bersama tim Rumah123",https://picture.rumah123.com/r123-images/720x420-crop/customer/2014484/ec1ddb40cf4e6284d5b0b26e8ece1463.jpg,property_images\property_95.jpg,3.0,3.0,2.0,,,2024-11-06 13:27:26.729931
96,Stylish Full Furnished Rumah Baru di Sleman Dekat Kampus Uii,https://www.rumah123.com/properti/yogyakarta/hos18583108/,1000.0,"Rumah123 adalah platform properti terbesar dan tepercaya di Indonesia. Kami berkomitmen untuk menjaga kepercayaan para pencari properti dengan hanya menayangkan iklan yang kredibel dan terpercaya. Oleh karena itu, setiap Project perlu melalui proses verifikasi. Ajak Developer untuk memverifikasi Project ini bersama tim Rumah123",https://picture.rumah123.com/r123-images/720x420-crop/customer/1776788/d012ecf2c9a35b8ac84cb6301da445ba.jpg,property_images\property_96.jpg,3.0,3.0,1.0,,,2024-11-06 13:27:27.182189
97,Bonus 4 Ac Rumah Dalam Perum di Sleman Dekat Sma Budi Mulia 2,https://www.rumah123.com/properti/yogyakarta/hos18585450/,1000.0,"Rumah123 adalah platform properti terbesar dan tepercaya di Indonesia. Kami berkomitmen untuk menjaga kepercayaan para pencari properti dengan hanya menayangkan iklan yang kredibel dan terpercaya. Oleh karena itu, setiap Project perlu melalui proses verifikasi. Ajak Developer untuk memverifikasi Project ini bersama tim Rumah123",https://picture.rumah123.com/r123-images/720x420-crop/customer/1776788/a243d796a950b6c2144c134ef7d4da34.jpg,property_images\property_97.jpg,3.0,1.0,1.0,,,2024-11-06 13:27:27.843356
98,"Free Bphtb .Jual Rumah Baru Dalam Kota Jogja, Furnish",https://www.rumah123.com/properti/yogyakarta/hos18421990/,1000.0,"Rumah123 adalah platform properti terbesar dan tepercaya di Indonesia. Kami berkomitmen untuk menjaga kepercayaan para pencari properti dengan hanya menayangkan iklan yang kredibel dan terpercaya. Oleh karena itu, setiap Project perlu melalui proses verifikasi. Ajak Developer untuk memverifikasi Project ini bersama tim Rumah123",https://picture.rumah123.com/r123-images/720x420-crop/customer/2028539/36cd6af01af3ed145cc92e10306cb99a.jpg,property_images\property_98.jpg,3.0,3.0,2.0,,,2024-11-06 13:27:28.445843
99,"Jual Cepat Butuh Uang, Rumah di Jogja Kota Dekat Gembiraloka",https://www.rumah123.com/properti/yogyakarta/hos17881315/,1000.0,"Rumah123 adalah platform properti terbesar dan tepercaya di Indonesia. Kami berkomitmen untuk menjaga kepercayaan para pencari properti dengan hanya menayangkan iklan yang kredibel dan terpercaya. Oleh karena itu, setiap Project perlu melalui proses verifikasi. Ajak Developer untuk memverifikasi Project ini bersama tim Rumah123",https://picture.rumah123.com/r123-images/720x420-crop/customer/2028539/7efa9b0a1b575392661b714a9f4ac49c.jpg,property_images\property_99.jpg,3.0,2.0,1.0,,,2024-11-06 13:27:28.925982
